"","date","time","sample_type","parameter","value"
"115",2017-07-05,"10:00:00","Grab","TSS (mg/L)","33"
"118",2017-07-05,"10:00:00","Grab","VSS (mg/L)","33"
"121",2017-07-05,"10:00:00","Grab","BOD (mg/L)","150"
"124",2017-07-05,"10:00:00","Grab","COD (mg/L)","230"
"127",2017-07-10,"10:00:00","Grab","TSS (mg/L)","35"
"130",2017-07-10,"10:00:00","Grab","VSS (mg/L)","31"
"132",2017-07-10,"10:00:00","Grab","BOD (mg/L)","87"
"134",2017-07-10,"10:00:00","Grab","COD (mg/L)","230"
"136",2017-07-17,"10:00:00","Grab","TSS (mg/L)","31"
"138",2017-07-17,"10:00:00","Grab","VSS (mg/L)","31"
"140",2017-07-17,"10:00:00","Grab","BOD (mg/L)","150"
"142",2017-07-17,"10:00:00","Grab","COD (mg/L)","190"
"146",2017-08-02,"10:00:00","Grab","TSS (mg/L)","44"
"152",2017-08-02,"10:00:00","Grab","VSS (mg/L)","44"
"157",2017-08-02,"10:00:00","Grab","BOD (mg/L)","120"
"162",2017-08-02,"10:00:00","Grab","COD (mg/L)","300"
"165",2017-08-02,"10:00:00","Grab","Ammonia","55"
"168",2017-08-02,"10:00:00","Grab","TKN","51"
"171",2017-08-04,"09:00:00","Grab","TSS (mg/L)","49"
"173",2017-08-04,"09:00:00","Grab","VSS (mg/L)","35"
"175",2017-08-04,"09:00:00","Grab","BOD (mg/L)","30"
"177",2017-08-04,"09:00:00","Grab","COD (mg/L)","270"
"179",2017-08-07,"09:00:00","Grab","TSS (mg/L)","54"
"182",2017-08-07,"09:00:00","Grab","VSS (mg/L)","54"
"184",2017-08-07,"09:00:00","Grab","BOD (mg/L)","92"
"186",2017-08-07,"09:00:00","Grab","COD (mg/L)","260"
"188",2017-08-09,"08:30:00","Grab","TSS (mg/L)","43"
"192",2017-08-09,"08:30:00","Grab","VSS (mg/L)","43"
"196",2017-08-09,"08:30:00","Grab","BOD (mg/L)","140"
"200",2017-08-09,"08:30:00","Grab","COD (mg/L)","200"
"202",2017-08-09,"08:30:00","Grab","Ammonia","42"
"204",2017-08-09,"08:30:00","Grab","TKN","38"
"206",2017-08-11,"08:30:00","Grab","TSS (mg/L)","44"
"208",2017-08-11,"08:30:00","Grab","VSS (mg/L)","44"
"210",2017-08-11,"08:30:00","Grab","BOD (mg/L)","110"
"212",2017-08-11,"08:30:00","Grab","COD (mg/L)","220"
"214",2017-08-14,"09:00:00","Grab","TSS (mg/L)","30"
"216",2017-08-14,"09:00:00","Grab","VSS (mg/L)","30"
"218",2017-08-14,"09:00:00","Grab","BOD (mg/L)","93"
"220",2017-08-14,"09:00:00","Grab","COD (mg/L)","210"
"222",2017-08-29,"09:00:00","Grab","TSS (mg/L)","35"
"227",2017-08-29,"10:00:00","Grab","TSS (mg/L)","32"
"232",2017-09-06,"09:30:00","Grab","TSS (mg/L)","30"
"237",2017-09-06,"09:30:00","Grab","VSS (mg/L)","30"
"243",2017-09-06,"09:30:00","Grab","BOD (mg/L)","82"
"249",2017-09-06,"09:30:00","Grab","COD (mg/L)","160"
"265",2017-11-14,"14:00:00","Grab","TSS (mg/L)","27"
"267",2017-11-14,"17:00:00","Grab","TSS (mg/L)","32"
"269",2017-11-14,"20:00:00","Grab","TSS (mg/L)","35"
"271",2017-11-14,"14:00:00","Grab","COD (mg/L)","270"
"273",2017-11-14,"17:00:00","Grab","COD (mg/L)","350"
"275",2017-11-14,"20:00:00","Grab","COD (mg/L)","340"
"277",2017-11-17,"11:00:00","Grab","TSS (mg/L)","31"
"284",2017-11-17,"11:00:00","Grab","COD (mg/L)","160"
"291",2017-11-20,"10:00:00","Grab","TSS (mg/L)","21"
"298",2017-11-20,"10:00:00","Grab","TSS (mg/L)","33"
"305",2017-11-20,"11:00:00","Grab","TSS (mg/L)","34"
"312",2017-11-20,"11:00:00","Grab","TSS (mg/L)","34"
"319",2017-11-20,"13:00:00","Grab","TSS (mg/L)","47"
"326",2017-11-20,"13:00:00","Grab","TSS (mg/L)","42"
"333",2017-12-04,"11:40:00","Grab","TSS (mg/L)","38"
"337",2017-12-04,"11:40:00","Grab","COD (mg/L)","630"
"341",2017-12-08,"09:00:00","Grab","TSS (mg/L)","23"
"351",2017-12-08,"09:00:00","Grab","COD (mg/L)","140"
"367",2017-12-20,"10:30:00","2-hr Composite","TSS (mg/L)","33"
"374",2017-12-27,"10:00:00","24-hr Composite","TSS (mg/L)","53"
"376",2017-12-27,"10:00:00","24-hr Composite","BOD (mg/L)","53"
"383",2017-12-27,"10:00:00","24-hr Composite","COD (mg/L)","380"
"390",2017-12-27,"10:00:00","24-hr Composite","TSS (mg/L)","68"
"392",2017-12-27,"10:00:00","24-hr Composite","BOD (mg/L)","170"
"396",2017-12-27,"10:00:00","24-hr Composite","cBOD","120"
"403",2017-12-27,"10:00:00","24-hr Composite","COD (mg/L)","260"
"413",2018-01-03,"10:40:00","2-hr Composite","TSS (mg/L)","50"
"416",2018-01-03,"10:40:00","2-hr Composite","BOD (mg/L)","120"
"419",2018-01-03,"10:40:00","2-hr Composite","cBOD","82"
"427",2018-01-03,"10:40:00","2-hr Composite","COD (mg/L)","160"
"433",2018-01-05,"07:30:00","24-hr Composite","TSS (mg/L)","62"
"436",2018-01-05,"07:30:00","24-hr Composite","BOD (mg/L)","110"
"438",2018-01-05,"07:30:00","24-hr Composite","COD (mg/L)","280"
"441",2018-01-10,"10:30:00","1-hr Composite","TSS (mg/L)","69"
"446",2018-01-10,"10:30:00","1-hr Composite","BOD (mg/L)","65"
"450",2018-01-10,"10:30:00","1-hr Composite","cBOD","63"
"455",2018-01-10,"10:30:00","1-hr Composite","COD (mg/L)","170"
"459",2018-01-10,"10:30:00","1-hr Composite","TKN","33"
"461",2018-01-12,"08:30:00","24-hr Composite","TSS (mg/L)","53"
"463",2018-01-12,"08:30:00","24-hr Composite","BOD (mg/L)","120"
"465",2018-01-12,"08:30:00","24-hr Composite","COD (mg/L)","180"
"473",2018-01-17,"09:00:00","24-hr Composite","VSS (mg/L)","76"
"474",2018-01-17,"09:00:00","24-hr Composite","TKN","42"
"475",2018-01-17,"09:00:00","24-hr Composite","BOD (mg/L)","130"
"477",2018-01-17,"09:00:00","24-hr Composite","COD (mg/L)","860"
"484",2018-01-17,"09:00:00","24-hr Composite","TSS (mg/L)","63"
"486",2018-01-17,"09:00:00","24-hr Composite","BOD (mg/L)","120"
"488",2018-01-17,"09:00:00","24-hr Composite","COD (mg/L)","340"
"492",2018-01-24,"08:30:00","24-hr Composite","TSS (mg/L)","45"
"493",2018-01-24,"08:30:00","24-hr Composite","BOD (mg/L)","150"
"494",2018-01-24,"08:30:00","24-hr Composite","COD (mg/L)","250"
"502",2018-01-24,"08:30:00","24-hr Composite","TSS (mg/L)","36"
"503",2018-01-24,"08:30:00","24-hr Composite","VSS (mg/L)","36"
"504",2018-01-24,"08:30:00","24-hr Composite","TKN","41"
"505",2018-01-24,"08:30:00","24-hr Composite","BOD (mg/L)","120"
"507",2018-01-24,"08:30:00","24-hr Composite","COD (mg/L)","240"
"526",2018-01-31,"08:30:00","24-hr Composite","TSS (mg/L)","34"
"527",2018-01-31,"08:30:00","24-hr Composite","BOD (mg/L)","160"
"529",2018-01-31,"08:30:00","24-hr Composite","COD (mg/L)","260"
"544",2018-02-02,"09:30:00","Grab","TSS (mg/L)","48"
"548",2018-02-07,"08:30:00","24-hr Composite","BOD (mg/L)","90"
"549",2018-02-07,"08:30:00","24-hr Composite","COD (mg/L)","260"
"557",2018-02-07,"08:30:00","24-hr Composite","TSS (mg/L)","43"
"558",2018-02-07,"08:30:00","24-hr Composite","VSS (mg/L)","43"
"559",2018-02-07,"08:30:00","24-hr Composite","TKN","39"
"560",2018-02-07,"08:30:00","24-hr Composite","BOD (mg/L)","130"
"562",2018-02-07,"08:30:00","24-hr Composite","COD (mg/L)","230"
"581",2018-02-14,"08:30:00","24-hr Composite","TSS (mg/L)","59"
"582",2018-02-14,"08:30:00","24-hr Composite","VSS (mg/L)","59"
"583",2018-02-14,"08:30:00","24-hr Composite","TKN","41"
"584",2018-02-14,"08:30:00","24-hr Composite","BOD (mg/L)","160"
"586",2018-02-14,"08:30:00","24-hr Composite","COD (mg/L)","290"
"598",2018-02-21,"08:30:00","24-hr Composite","TSS (mg/L)","36"
"599",2018-02-21,"08:30:00","24-hr Composite","BOD (mg/L)","140"
"600",2018-02-21,"08:30:00","24-hr Composite","COD (mg/L)","230"
"605",2018-02-28,"08:30:00","24-hr Composite","TSS (mg/L)","44"
"614",2018-02-21,"08:30:00","24-hr Composite","TSS (mg/L)","55"
"615",2018-02-21,"08:30:00","24-hr Composite","VSS (mg/L)","55"
"616",2018-02-21,"08:30:00","24-hr Composite","TKN","43"
"617",2018-02-21,"08:30:00","24-hr Composite","BOD (mg/L)","130"
"619",2018-02-21,"08:30:00","24-hr Composite","COD (mg/L)","230"
"638",2018-03-15,"03:00:00","12-hr Composite","TSS (mg/L)","28"
"639",2018-03-15,"03:00:00","12-hr Composite","VSS (mg/L)","27"
"640",2018-03-15,"03:00:00","12-hr Composite","BOD (mg/L)","130"
"642",2018-03-15,"03:00:00","12-hr Composite","COD (mg/L)","280"
"653",2018-03-22,"12:00:00","1-hr Composite","TSS (mg/L)","27"
"654",2018-03-22,"12:00:00","1-hr Composite","BOD (mg/L)","39"
"655",2018-03-22,"12:00:00","1-hr Composite","COD (mg/L)","110"
"663",2018-03-28,"08:30:00","24-hr Composite","TSS (mg/L)","30"
"664",2018-03-28,"08:30:00","24-hr Composite","VSS (mg/L)","30"
"665",2018-03-28,"08:30:00","24-hr Composite","BOD (mg/L)","120"
"667",2018-03-28,"08:30:00","24-hr Composite","COD (mg/L)","190"
"669",2018-03-28,"08:30:00","24-hr Composite","TKN","31"
"690",2018-04-04,"08:30:00","24-hr Composite","TSS (mg/L)","57"
"691",2018-04-04,"08:30:00","24-hr Composite","VSS (mg/L)","57"
"692",2018-04-04,"08:30:00","24-hr Composite","BOD (mg/L)","100"
"694",2018-04-04,"08:30:00","24-hr Composite","COD (mg/L)","230"
"696",2018-04-04,"08:30:00","24-hr Composite","TKN","31"
"720",2018-04-11,"08:30:00","24-hr Composite","TSS (mg/L)","65"
"721",2018-04-11,"08:30:00","24-hr Composite","VSS (mg/L)","65"
"722",2018-04-11,"08:30:00","24-hr Composite","BOD (mg/L)","140"
"724",2018-04-11,"08:30:00","24-hr Composite","COD (mg/L)","230"
"726",2018-04-11,"08:30:00","24-hr Composite","TKN","51"
"745",2018-04-25,"08:30:00","24-hr Composite","TSS (mg/L)","50"
"746",2018-04-25,"08:30:00","24-hr Composite","VSS (mg/L)","50"
"747",2018-04-25,"08:30:00","24-hr Composite","BOD (mg/L)","100"
"749",2018-04-25,"08:30:00","24-hr Composite","COD (mg/L)","220"
"751",2018-04-25,"08:30:00","24-hr Composite","TKN","43"
"776",2018-05-02,"08:30:00","24-hr Composite","TSS (mg/L)","58"
"777",2018-05-02,"08:30:00","24-hr Composite","VSS (mg/L)","58"
"778",2018-05-02,"08:30:00","24-hr Composite","BOD (mg/L)","130"
"780",2018-05-02,"08:30:00","24-hr Composite","COD (mg/L)","250"
"782",2018-05-02,"08:30:00","24-hr Composite","TKN","45"
"791",2018-05-29,"15:30:00","Grab","TSS (mg/L)","84"
"792",2018-05-29,"15:30:00","Grab","COD (mg/L)","400"
"797",2018-06-20,"09:30:00","Grab","TSS (mg/L)","24"
"798",2018-06-20,"09:30:00","Grab","COD (mg/L)","220"
"805",2018-06-27,"08:30:00","24-hr Composite","TSS (mg/L)","51"
"806",2018-06-27,"08:30:00","24-hr Composite","VSS (mg/L)","49"
"807",2018-06-27,"08:30:00","24-hr Composite","BOD (mg/L)","99"
"808",2018-06-27,"08:30:00","24-hr Composite","COD (mg/L)","240"
"819",2018-07-05,"08:30:00","24-hr Composite","TSS (mg/L)","41"
"820",2018-07-05,"08:30:00","24-hr Composite","VSS (mg/L)","41"
"821",2018-07-05,"08:30:00","24-hr Composite","TKN","41"
"822",2018-07-05,"08:30:00","24-hr Composite","BOD (mg/L)","95"
"823",2018-07-05,"08:30:00","24-hr Composite","COD (mg/L)","220"
"837",2018-07-11,"08:30:00","24-hr Composite","TSS (mg/L)","40"
"838",2018-07-11,"08:30:00","24-hr Composite","VSS (mg/L)","40"
"839",2018-07-11,"08:30:00","24-hr Composite","TKN","38"
"840",2018-07-11,"08:30:00","24-hr Composite","BOD (mg/L)","120"
"841",2018-07-11,"08:30:00","24-hr Composite","COD (mg/L)","230"
"855",2018-07-18,"08:30:00","24-hr Composite","TSS (mg/L)","40"
"856",2018-07-18,"08:30:00","24-hr Composite","TKN","44"
"857",2018-07-18,"08:30:00","24-hr Composite","BOD (mg/L)","180"
"870",2018-07-25,"08:30:00","24-hr Composite","TSS (mg/L)","42"
"871",2018-07-25,"08:30:00","24-hr Composite","VSS (mg/L)","42"
"872",2018-07-25,"08:30:00","24-hr Composite","TKN","38"
"873",2018-07-25,"08:30:00","24-hr Composite","BOD (mg/L)","85"
"874",2018-07-25,"08:30:00","24-hr Composite","COD (mg/L)","170"
"882",2018-08-01,"08:30:00","24-hr Composite","TSS (mg/L)","24"
"883",2018-08-01,"08:30:00","24-hr Composite","VSS (mg/L)","24"
"884",2018-08-01,"08:30:00","24-hr Composite","TKN","47"
"885",2018-08-01,"08:30:00","24-hr Composite","BOD (mg/L)","76"
"886",2018-08-01,"08:30:00","24-hr Composite","COD (mg/L)","170"
"894",2018-08-08,"08:30:00","24-hr Composite","TSS (mg/L)","62"
"895",2018-08-08,"08:30:00","24-hr Composite","VSS (mg/L)","62"
"896",2018-08-08,"08:30:00","24-hr Composite","TKN","42"
"897",2018-08-08,"08:30:00","24-hr Composite","BOD (mg/L)","120"
"898",2018-08-08,"08:30:00","24-hr Composite","COD (mg/L)","320"
"906",2018-08-15,"08:30:00","24-hr Composite","TSS (mg/L)","89"
"907",2018-08-15,"08:30:00","24-hr Composite","VSS (mg/L)","89"
"908",2018-08-15,"08:30:00","24-hr Composite","TKN","46"
"909",2018-08-15,"08:30:00","24-hr Composite","BOD (mg/L)","150"
"910",2018-08-15,"08:30:00","24-hr Composite","COD (mg/L)","340"
"916",2018-08-22,"08:30:00","24-hr Composite","TSS (mg/L)","64"
"917",2018-08-22,"08:30:00","24-hr Composite","TKN","34"
"918",2018-08-22,"08:30:00","24-hr Composite","COD (mg/L)","270"
"925",2018-08-29,"08:30:00","24-hr Composite","TSS (mg/L)","55"
"926",2018-08-29,"08:30:00","24-hr Composite","TKN","33"
"927",2018-08-29,"08:30:00","24-hr Composite","BOD (mg/L)","120"
"928",2018-08-29,"08:30:00","24-hr Composite","COD (mg/L)","220"
"934",2018-09-05,"08:30:00","24-hr Composite","TSS (mg/L)","56"
"935",2018-09-05,"08:30:00","24-hr Composite","TKN","34"
"936",2018-09-05,"08:30:00","24-hr Composite","COD (mg/L)","220"
"944",2018-09-12,"08:30:00","24-hr Composite","TSS (mg/L)","38"
"945",2018-09-12,"08:30:00","24-hr Composite","TKN","40"
"946",2018-09-12,"08:30:00","24-hr Composite","ortho-Phosphate","7.9"
"947",2018-09-12,"08:30:00","24-hr Composite","BOD (mg/L)","150"
"948",2018-09-12,"08:30:00","24-hr Composite","COD (mg/L)","300"
"954",2018-09-19,"08:30:00","24-hr Composite","TSS (mg/L)","70"
"955",2018-09-19,"08:30:00","24-hr Composite","TKN","38"
"956",2018-09-19,"08:30:00","24-hr Composite","COD (mg/L)","280"
"964",2018-09-26,"08:30:00","24-hr Composite","TSS (mg/L)","55"
"965",2018-09-26,"08:30:00","24-hr Composite","TKN","33"
"966",2018-09-26,"08:30:00","24-hr Composite","ortho-Phosphate","3.4"
"967",2018-09-26,"08:30:00","24-hr Composite","BOD (mg/L)","99"
"968",2018-09-26,"08:30:00","24-hr Composite","COD (mg/L)","200"
"976",2018-10-03,"08:30:00","24-hr Composite","TSS (mg/L)","57"
"977",2018-10-03,"08:30:00","24-hr Composite","TKN","41"
"978",2018-10-03,"08:30:00","24-hr Composite","ortho-Phosphate","4.0999999999999996"
"979",2018-10-03,"08:30:00","24-hr Composite","BOD (mg/L)","100"
"980",2018-10-03,"08:30:00","24-hr Composite","COD (mg/L)","280"
"988",2018-10-10,"08:30:00","24-hr Composite","TSS (mg/L)","55"
"989",2018-10-10,"08:30:00","24-hr Composite","TKN","40"
"990",2018-10-10,"08:30:00","24-hr Composite","ortho-Phosphate","3.6"
"991",2018-10-10,"08:30:00","24-hr Composite","BOD (mg/L)","110"
"992",2018-10-10,"08:30:00","24-hr Composite","COD (mg/L)","270"
"999",2018-10-17,"08:30:00","24-hr Composite","TSS (mg/L)","99"
"1000",2018-10-17,"08:30:00","24-hr Composite","TKN","50"
"1001",2018-10-17,"08:30:00","24-hr Composite","BOD (mg/L)","150"
"1002",2018-10-17,"08:30:00","24-hr Composite","COD (mg/L)","380"
"1012",2018-10-24,"08:30:00","24-hr Composite","TSS (mg/L)","130"
"1013",2018-10-24,"08:30:00","24-hr Composite","TKN","47"
"1014",2018-10-24,"08:30:00","24-hr Composite","Ammonia","40"
"1015",2018-10-24,"08:30:00","24-hr Composite","ortho-Phosphate","3.6"
"1016",2018-10-24,"08:30:00","24-hr Composite","Phosphorus","5.9"
"1017",2018-10-24,"08:30:00","24-hr Composite","BOD (mg/L)","190"
"1018",2018-10-24,"08:30:00","24-hr Composite","COD (mg/L)","390"
"1028",2018-10-31,"08:30:00","24-hr Composite","TSS (mg/L)","48"
"1029",2018-10-31,"08:30:00","24-hr Composite","TKN","40"
"1030",2018-10-31,"08:30:00","24-hr Composite","Ammonia","40"
"1031",2018-10-31,"08:30:00","24-hr Composite","ortho-Phosphate","7.9"
"1032",2018-10-31,"08:30:00","24-hr Composite","Phosphorus","8.9"
"1033",2018-10-31,"08:30:00","24-hr Composite","BOD (mg/L)","130"
"1034",2018-10-31,"08:30:00","24-hr Composite","COD (mg/L)","280"
"1044",2018-11-07,"08:30:00","24-hr Composite","TSS (mg/L)","77"
"1045",2018-11-07,"08:30:00","24-hr Composite","TKN","45"
"1046",2018-11-07,"08:30:00","24-hr Composite","Ammonia","43"
"1047",2018-11-07,"08:30:00","24-hr Composite","ortho-Phosphate","3.6"
"1048",2018-11-07,"08:30:00","24-hr Composite","Phosphorus","4.8"
"1049",2018-11-07,"08:30:00","24-hr Composite","BOD (mg/L)","110"
"1050",2018-11-07,"08:30:00","24-hr Composite","COD (mg/L)","330"
"1060",2018-11-14,"08:30:00","24-hr Composite","TSS (mg/L)","26"
"1061",2018-11-14,"08:30:00","24-hr Composite","TKN","37"
"1062",2018-11-14,"08:30:00","24-hr Composite","Ammonia","39"
"1063",2018-11-14,"08:30:00","24-hr Composite","ortho-Phosphate","5.3"
"1064",2018-11-14,"08:30:00","24-hr Composite","Phosphorus","6.3"
"1065",2018-11-14,"08:30:00","24-hr Composite","BOD (mg/L)","68"
"1066",2018-11-14,"08:30:00","24-hr Composite","COD (mg/L)","130"
"1074",2018-11-20,"08:30:00","24-hr Composite","TSS (mg/L)","62"
"1075",2018-11-20,"08:30:00","24-hr Composite","TKN","37"
"1076",2018-11-20,"08:30:00","24-hr Composite","ortho-Phosphate","4.7"
"1077",2018-11-20,"08:30:00","24-hr Composite","BOD (mg/L)","120"
"1078",2018-11-20,"08:30:00","24-hr Composite","COD (mg/L)","260"
"1088",2018-11-28,"08:30:00","24-hr Composite","TSS (mg/L)","26"
"1089",2018-11-28,"08:30:00","24-hr Composite","TKN","29"
"1090",2018-11-28,"08:30:00","24-hr Composite","ortho-Phosphate","4.4000000000000004"
"1091",2018-11-28,"08:30:00","24-hr Composite","Phosphorus","5.0999999999999996"
"1092",2018-11-28,"08:30:00","24-hr Composite","BOD (mg/L)","120"
"1093",2018-11-28,"08:30:00","24-hr Composite","cBOD","110"
"1094",2018-11-28,"08:30:00","24-hr Composite","COD (mg/L)","240"
"1105",2018-12-12,"08:30:00","24-hr Composite","TSS (mg/L)","40"
"1106",2018-12-12,"08:30:00","24-hr Composite","VSS (mg/L)","40"
"1107",2018-12-12,"08:30:00","24-hr Composite","TKN","36"
"1108",2018-12-12,"08:30:00","24-hr Composite","Ammonia","43"
"1109",2018-12-12,"08:30:00","24-hr Composite","Phosphorus","4.5"
"1110",2018-12-12,"08:30:00","24-hr Composite","BOD (mg/L)","160"
"1111",2018-12-12,"08:30:00","24-hr Composite","cBOD","160"
"1112",2018-12-12,"08:30:00","24-hr Composite","COD (mg/L)","320"
"1123",2018-12-19,"08:30:00","24-hr Composite","TSS (mg/L)","40"
"1124",2018-12-19,"08:30:00","24-hr Composite","VSS (mg/L)","38"
"1125",2018-12-19,"08:30:00","24-hr Composite","TKN","38"
"1126",2018-12-19,"08:30:00","24-hr Composite","Ammonia","36"
"1127",2018-12-19,"08:30:00","24-hr Composite","Phosphorus","4.5"
"1128",2018-12-19,"08:30:00","24-hr Composite","BOD (mg/L)","100"
"1129",2018-12-19,"08:30:00","24-hr Composite","cBOD","92"
"1130",2018-12-19,"08:30:00","24-hr Composite","COD (mg/L)","280"
"1140",2018-12-26,"08:30:00","24-hr Composite","TSS (mg/L)","51"
"1141",2018-12-26,"08:30:00","24-hr Composite","VSS (mg/L)","51"
"1142",2018-12-26,"08:30:00","24-hr Composite","TKN","47"
"1143",2018-12-26,"08:30:00","24-hr Composite","Phosphorus","6.5"
"1144",2018-12-26,"08:30:00","24-hr Composite","BOD (mg/L)","95"
"1145",2018-12-26,"08:30:00","24-hr Composite","cBOD","89"
"1146",2018-12-26,"08:30:00","24-hr Composite","COD (mg/L)","230"
"1157",2019-01-03,"09:00:00","Grab","TSS (mg/L)","34"
"1158",2019-01-03,"09:00:00","Grab","VSS (mg/L)","34"
"1159",2019-01-03,"09:00:00","Grab","TKN","48"
"1160",2019-01-03,"09:00:00","Grab","Ammonia","50"
"1161",2019-01-03,"09:00:00","Grab","Phosphorus","5.3"
"1162",2019-01-03,"09:00:00","Grab","BOD (mg/L)","170"
"1163",2019-01-03,"09:00:00","Grab","cBOD","160"
"1164",2019-01-03,"09:00:00","Grab","COD (mg/L)","310"
"1175",2019-01-09,"08:30:00","24-hr Composite","TSS (mg/L)","29"
"1176",2019-01-09,"08:30:00","24-hr Composite","TKN","34"
"1177",2019-01-09,"08:30:00","24-hr Composite","Ammonia","32"
"1178",2019-01-09,"08:30:00","24-hr Composite","ortho-Phosphate","3.2"
"1179",2019-01-09,"08:30:00","24-hr Composite","Phosphorus","4.5"
"1180",2019-01-09,"08:30:00","24-hr Composite","BOD (mg/L)","90"
"1181",2019-01-09,"08:30:00","24-hr Composite","cBOD","89"
"1182",2019-01-09,"08:30:00","24-hr Composite","COD (mg/L)","840"
"1193",2019-01-16,"08:30:00","24-hr Composite","TSS (mg/L)","41"
"1194",2019-01-16,"08:30:00","24-hr Composite","TKN","39"
"1195",2019-01-16,"08:30:00","24-hr Composite","Ammonia","39"
"1196",2019-01-16,"08:30:00","24-hr Composite","ortho-Phosphate","3.4"
"1197",2019-01-16,"08:30:00","24-hr Composite","Phosphorus","4.5999999999999996"
"1198",2019-01-16,"08:30:00","24-hr Composite","BOD (mg/L)","110"
"1199",2019-01-16,"08:30:00","24-hr Composite","cBOD","91"
"1200",2019-01-16,"08:30:00","24-hr Composite","COD (mg/L)","200"
"1211",2019-01-23,"08:30:00","24-hr Composite","TSS (mg/L)","37"
"1212",2019-01-23,"08:30:00","24-hr Composite","TKN","38"
"1213",2019-01-23,"08:30:00","24-hr Composite","Ammonia","39"
"1214",2019-01-23,"08:30:00","24-hr Composite","ortho-Phosphate","3.7"
"1215",2019-01-23,"08:30:00","24-hr Composite","Phosphorus","4.4000000000000004"
"1216",2019-01-23,"08:30:00","24-hr Composite","BOD (mg/L)","130"
"1217",2019-01-23,"08:30:00","24-hr Composite","cBOD","130"
"1218",2019-01-23,"08:30:00","24-hr Composite","COD (mg/L)","220"
"1225",2019-01-30,"08:30:00","24-hr Composite","TSS (mg/L)","48"
"1226",2019-01-30,"08:30:00","24-hr Composite","TKN","45"
"1227",2019-01-30,"08:30:00","24-hr Composite","BOD (mg/L)","130"
"1228",2019-01-30,"08:30:00","24-hr Composite","COD (mg/L)","240"
"1238",2019-02-13,"08:30:00","24-hr Composite","TSS (mg/L)","41"
"1239",2019-02-13,"08:30:00","24-hr Composite","TKN","45"
"1240",2019-02-13,"08:30:00","24-hr Composite","Ammonia","38"
"1241",2019-02-13,"08:30:00","24-hr Composite","ortho-Phosphate","4.4000000000000004"
"1242",2019-02-13,"08:30:00","24-hr Composite","Phosphorus","5.6"
"1243",2019-02-13,"08:30:00","24-hr Composite","BOD (mg/L)","150"
"1244",2019-02-13,"08:30:00","24-hr Composite","COD (mg/L)","250"
"1255",2019-02-20,"08:30:00","24-hr Composite","TSS (mg/L)","49"
"1256",2019-02-20,"08:30:00","24-hr Composite","TKN","40"
"1257",2019-02-20,"08:30:00","24-hr Composite","Ammonia","35"
"1258",2019-02-20,"08:30:00","24-hr Composite","ortho-Phosphate","3"
"1259",2019-02-20,"08:30:00","24-hr Composite","Phosphorus","5.2"
"1260",2019-02-20,"08:30:00","24-hr Composite","BOD (mg/L)","130"
"1261",2019-02-20,"08:30:00","24-hr Composite","cBOD","130"
"1262",2019-02-20,"08:30:00","24-hr Composite","COD (mg/L)","230"
"1273",2019-02-27,"08:30:00","24-hr Composite","Alkalinity","100"
"1274",2019-02-27,"08:30:00","24-hr Composite","TSS (mg/L)","32"
"1275",2019-02-27,"08:30:00","24-hr Composite","TKN","12"
"1276",2019-02-27,"08:30:00","24-hr Composite","Ammonia","9.6"
"1277",2019-02-27,"08:30:00","24-hr Composite","Phosphorus","2"
"1278",2019-02-27,"08:30:00","24-hr Composite","BOD (mg/L)","42"
"1279",2019-02-27,"08:30:00","24-hr Composite","cBOD","39"
"1280",2019-02-27,"08:30:00","24-hr Composite","COD (mg/L)","110"
"1291",2019-03-06,"08:30:00","24-hr Composite","Alkalinity","210"
"1292",2019-03-06,"08:30:00","24-hr Composite","TSS (mg/L)","48"
"1293",2019-03-06,"08:30:00","24-hr Composite","TKN","28"
"1294",2019-03-06,"08:30:00","24-hr Composite","Ammonia","27"
"1295",2019-03-06,"08:30:00","24-hr Composite","ortho-Phosphate","2.6"
"1296",2019-03-06,"08:30:00","24-hr Composite","Phosphorus","3.6"
"1297",2019-03-06,"08:30:00","24-hr Composite","BOD (mg/L)","88"
"1298",2019-03-06,"08:30:00","24-hr Composite","COD (mg/L)","180"
"1308",2019-03-13,"09:00:00","24-hr Composite","TSS (mg/L)","45"
"1309",2019-03-13,"09:00:00","24-hr Composite","TKN","45"
"1310",2019-03-13,"09:00:00","24-hr Composite","Ammonia","42"
"1311",2019-03-13,"09:00:00","24-hr Composite","Phosphorus","4.8"
"1312",2019-03-13,"09:00:00","24-hr Composite","BOD (mg/L)","140"
"1313",2019-03-13,"09:00:00","24-hr Composite","cBOD","140"
"1314",2019-03-13,"09:00:00","24-hr Composite","COD (mg/L)","290"
"1341",2019-03-14,"09:00:00","24-hr Composite","TSS (mg/L)","40"
"1342",2019-03-14,"09:00:00","24-hr Composite","TKN","37"
"1343",2019-03-14,"09:00:00","24-hr Composite","Ammonia","44"
"1344",2019-03-14,"09:00:00","24-hr Composite","ortho-Phosphate","3.9"
"1345",2019-03-14,"09:00:00","24-hr Composite","Phosphorus","4.5"
"1346",2019-03-14,"09:00:00","24-hr Composite","BOD (mg/L)","150"
"1347",2019-03-14,"09:00:00","24-hr Composite","cBOD","140"
"1348",2019-03-14,"09:00:00","24-hr Composite","COD (mg/L)","290"
"1371",2019-03-19,"12:00:00","2-hr Composite","TSS (mg/L)","43"
"1372",2019-03-19,"12:00:00","2-hr Composite","COD (mg/L)","390"
"1377",2019-03-19,"13:00:00","2-hr Composite","TSS (mg/L)","62"
"1378",2019-03-19,"13:00:00","2-hr Composite","COD (mg/L)","460"
"1383",2019-03-19,"14:00:00","2-hr Composite","TSS (mg/L)","100"
"1384",2019-03-19,"14:00:00","2-hr Composite","COD (mg/L)","450"
"1389",2019-03-19,"15:00:00","2-hr Composite","TSS (mg/L)","64"
"1390",2019-03-19,"15:00:00","2-hr Composite","COD (mg/L)","360"
"1401",2019-03-27,"08:30:00","24-hr Composite","TSS (mg/L)","44"
"1402",2019-03-27,"08:30:00","24-hr Composite","TKN","24"
"1403",2019-03-27,"08:30:00","24-hr Composite","Ammonia","23"
"1404",2019-03-27,"08:30:00","24-hr Composite","ortho-Phosphate","1.7"
"1405",2019-03-27,"08:30:00","24-hr Composite","Phosphorus","2.2000000000000002"
"1406",2019-03-27,"08:30:00","24-hr Composite","BOD (mg/L)","95"
"1407",2019-03-27,"08:30:00","24-hr Composite","cBOD","69"
"1408",2019-03-27,"08:30:00","24-hr Composite","COD (mg/L)","150"
"1428",2019-04-10,"08:30:00","24-hr Composite","TSS (mg/L)","42"
"1429",2019-04-10,"08:30:00","24-hr Composite","TKN","88"
"1430",2019-04-10,"08:30:00","24-hr Composite","Ammonia","48"
"1431",2019-04-10,"08:30:00","24-hr Composite","ortho-Phosphate","3.6"
"1432",2019-04-10,"08:30:00","24-hr Composite","Phosphorus","4.8"
"1433",2019-04-10,"08:30:00","24-hr Composite","BOD (mg/L)","110"
"1434",2019-04-10,"08:30:00","24-hr Composite","cBOD","98"
"1435",2019-04-10,"08:30:00","24-hr Composite","COD (mg/L)","240"
"1454",2019-04-17,"08:30:00","24-hr Composite","TSS (mg/L)","41"
"1455",2019-04-17,"08:30:00","24-hr Composite","TKN","46"
"1456",2019-04-17,"08:30:00","24-hr Composite","Ammonia","47"
"1457",2019-04-17,"08:30:00","24-hr Composite","ortho-Phosphate","3.8"
"1458",2019-04-17,"08:30:00","24-hr Composite","Phosphorus","5.2"
"1459",2019-04-17,"08:30:00","24-hr Composite","BOD (mg/L)","150"
"1460",2019-04-17,"08:30:00","24-hr Composite","COD (mg/L)","300"
"1475",2019-04-24,"08:30:00","24-hr Composite","TSS (mg/L)","420"
"1476",2019-04-24,"08:30:00","24-hr Composite","VSS (mg/L)","400"
"1477",2019-04-24,"08:30:00","24-hr Composite","BOD (mg/L)","340"
"1478",2019-04-24,"08:30:00","24-hr Composite","COD (mg/L)","830"
"1494",2019-05-01,"08:30:00","24-hr Composite","TSS (mg/L)","42"
"1495",2019-05-01,"08:30:00","24-hr Composite","TKN","43"
"1496",2019-05-01,"08:30:00","24-hr Composite","Ammonia","43"
"1497",2019-05-01,"08:30:00","24-hr Composite","ortho-Phosphate","3.9"
"1498",2019-05-01,"08:30:00","24-hr Composite","Phosphorus","4.7"
"1499",2019-05-01,"08:30:00","24-hr Composite","BOD (mg/L)","160"
"1500",2019-05-01,"08:30:00","24-hr Composite","cBOD","160"
"1501",2019-05-01,"08:30:00","24-hr Composite","COD (mg/L)","320"
"1517",2019-05-08,"08:30:00","24-hr Composite","TSS (mg/L)","41"
"1518",2019-05-08,"08:30:00","24-hr Composite","TKN","46"
"1519",2019-05-08,"08:30:00","24-hr Composite","Ammonia","4.2"
"1520",2019-05-08,"08:30:00","24-hr Composite","BOD (mg/L)","180"
"1521",2019-05-08,"08:30:00","24-hr Composite","COD (mg/L)","280"
"1532",2019-05-20,"08:30:00","Grab","TSS (mg/L)","62"
"1533",2019-05-20,"08:30:00","Grab","TKN","26"
"1534",2019-05-20,"08:30:00","Grab","BOD (mg/L)","99"
"1535",2019-05-20,"08:30:00","Grab","COD (mg/L)","180"
"1546",2019-05-29,"08:30:00","24-hr Composite","TSS (mg/L)","52"
"1547",2019-05-29,"08:30:00","24-hr Composite","BOD (mg/L)","160"
"1548",2019-05-29,"08:30:00","24-hr Composite","COD (mg/L)","270"
"1558",2019-06-05,"08:30:00","24-hr Composite","TSS (mg/L)","41"
"1559",2019-06-05,"08:30:00","24-hr Composite","BOD (mg/L)","140"
"1560",2019-06-05,"08:30:00","24-hr Composite","COD (mg/L)","270"
"1571",2019-06-12,"08:30:00","24-hr Composite","TSS (mg/L)","51"
"1572",2019-06-12,"08:30:00","24-hr Composite","BOD (mg/L)","89"
"1574",2019-06-12,"08:30:00","24-hr Composite","COD (mg/L)","260"
"1586",2019-06-19,"08:30:00","24-hr Composite","TSS (mg/L)","44"
"1587",2019-06-19,"08:30:00","24-hr Composite","BOD (mg/L)","130"
"1589",2019-06-19,"08:30:00","24-hr Composite","COD (mg/L)","290"
"1600",2019-06-26,"08:30:00","24-hr Composite","TSS (mg/L)","91"
"1601",2019-06-26,"08:30:00","24-hr Composite","BOD (mg/L)","110"
"1602",2019-06-26,"08:30:00","24-hr Composite","COD (mg/L)","460"
"1613",2019-07-17,"08:30:00","24-hr Composite","TSS (mg/L)","44"
"1614",2019-07-17,"08:30:00","24-hr Composite","TKN","50"
"1615",2019-07-17,"08:30:00","24-hr Composite","BOD (mg/L)","110"
"1616",2019-07-17,"08:30:00","24-hr Composite","COD (mg/L)","250"
"1627",2019-07-24,"08:30:00","24-hr Composite","TSS (mg/L)","44"
"1628",2019-07-24,"08:30:00","24-hr Composite","BOD (mg/L)","110"
"1629",2019-07-24,"08:30:00","24-hr Composite","COD (mg/L)","240"
"1644",2019-07-31,"08:30:00","24-hr Composite","TSS (mg/L)","42"
"1645",2019-07-31,"08:30:00","24-hr Composite","TKN","40"
"1646",2019-07-31,"08:30:00","24-hr Composite","Ammonia","40"
"1647",2019-07-31,"08:30:00","24-hr Composite","ortho-Phosphate","3.4"
"1648",2019-07-31,"08:30:00","24-hr Composite","Phosphorus","4.5999999999999996"
"1649",2019-07-31,"08:30:00","24-hr Composite","BOD (mg/L)","170"
"1650",2019-07-31,"08:30:00","24-hr Composite","cBOD","170"
"1651",2019-07-31,"08:30:00","24-hr Composite","COD (mg/L)","260"
"1671",2019-08-07,"08:30:00","24-hr Composite","TSS (mg/L)","47"
"1672",2019-08-07,"08:30:00","24-hr Composite","TKN","44"
"1673",2019-08-07,"08:30:00","24-hr Composite","Ammonia","41"
"1674",2019-08-07,"08:30:00","24-hr Composite","ortho-Phosphate","4.2"
"1675",2019-08-07,"08:30:00","24-hr Composite","Phosphorus","4.9000000000000004"
"1676",2019-08-07,"08:30:00","24-hr Composite","BOD (mg/L)","110"
"1677",2019-08-07,"08:30:00","24-hr Composite","cBOD","65"
"1678",2019-08-07,"08:30:00","24-hr Composite","COD (mg/L)","270"
"1684",2019-08-08,"08:30:00","24-hr Composite","TSS (mg/L)","42"
"1685",2019-08-08,"08:30:00","24-hr Composite","BOD (mg/L)","110"
"1686",2019-08-08,"08:30:00","24-hr Composite","COD (mg/L)","220"
"1692",2019-08-13,"08:30:00","24-hr Composite","TSS (mg/L)","49"
"1693",2019-08-13,"08:30:00","24-hr Composite","BOD (mg/L)","140"
"1694",2019-08-13,"08:30:00","24-hr Composite","COD (mg/L)","310"
"1705",2019-08-14,"08:30:00","24-hr Composite","TSS (mg/L)","51"
"1706",2019-08-14,"08:30:00","24-hr Composite","TKN","40"
"1707",2019-08-14,"08:30:00","24-hr Composite","Ammonia","44"
"1708",2019-08-14,"08:30:00","24-hr Composite","ortho-Phosphate","3.6"
"1709",2019-08-14,"08:30:00","24-hr Composite","Phosphorus","4.3"
"1710",2019-08-14,"08:30:00","24-hr Composite","BOD (mg/L)","97"
"1711",2019-08-14,"08:30:00","24-hr Composite","cBOD","110"
"1712",2019-08-14,"08:30:00","24-hr Composite","COD (mg/L)","260"
"1718",2019-08-15,"08:30:00","24-hr Composite","TSS (mg/L)","42"
"1719",2019-08-15,"08:30:00","24-hr Composite","BOD (mg/L)","110"
"1720",2019-08-15,"08:30:00","24-hr Composite","COD (mg/L)","280"
"1726",2019-08-20,"08:30:00","24-hr Composite","TSS (mg/L)","43"
"1727",2019-08-20,"08:30:00","24-hr Composite","BOD (mg/L)","85"
"1728",2019-08-20,"08:30:00","24-hr Composite","COD (mg/L)","280"
"1734",2019-08-21,"08:30:00","24-hr Composite","TSS (mg/L)","40"
"1735",2019-08-21,"08:30:00","24-hr Composite","BOD (mg/L)","110"
"1736",2019-08-21,"08:30:00","24-hr Composite","COD (mg/L)","260"
"1749",2019-08-22,"08:30:00","24-hr Composite","Alkalinity","290"
"1750",2019-08-22,"08:30:00","24-hr Composite","TSS (mg/L)","55"
"1751",2019-08-22,"08:30:00","24-hr Composite","VSS (mg/L)","55"
"1752",2019-08-22,"08:30:00","24-hr Composite","TKN","40"
"1753",2019-08-22,"08:30:00","24-hr Composite","Ammonia","41"
"1754",2019-08-22,"08:30:00","24-hr Composite","ortho-Phosphate","3.5"
"1755",2019-08-22,"08:30:00","24-hr Composite","Phosphorus","4.3"
"1756",2019-08-22,"08:30:00","24-hr Composite","BOD (mg/L)","110"
"1757",2019-08-22,"08:30:00","24-hr Composite","cBOD","86"
"1758",2019-08-22,"08:30:00","24-hr Composite","COD (mg/kg)","270"
"1771",2019-08-28,"08:30:00","24-hr Composite","Alkalinity","290"
"1772",2019-08-28,"08:30:00","24-hr Composite","TSS (mg/L)","50"
"1773",2019-08-28,"08:30:00","24-hr Composite","VSS (mg/L)","50"
"1774",2019-08-28,"08:30:00","24-hr Composite","TKN","38"
"1775",2019-08-28,"08:30:00","24-hr Composite","Ammonia","39"
"1776",2019-08-28,"08:30:00","24-hr Composite","ortho-Phosphate","3.7"
"1777",2019-08-28,"08:30:00","24-hr Composite","Phosphorus","4.5"
"1778",2019-08-28,"08:30:00","24-hr Composite","BOD (mg/L)","110"
"1779",2019-08-28,"08:30:00","24-hr Composite","cBOD","63"
"1780",2019-08-28,"08:30:00","24-hr Composite","COD (mg/kg)","270"
"1786",2019-08-29,"08:30:00","24-hr Composite","TSS (mg/L)","50"
"1787",2019-08-29,"08:30:00","24-hr Composite","BOD (mg/L)","80"
"1788",2019-08-29,"08:30:00","24-hr Composite","COD (mg/L)","240"
"1801",2019-09-04,"08:30:00","24-hr Composite","Alkalinity","320"
"1802",2019-09-04,"08:30:00","24-hr Composite","TSS (mg/L)","62"
"1803",2019-09-04,"08:30:00","24-hr Composite","TKN","38"
"1804",2019-09-04,"08:30:00","24-hr Composite","Ammonia","46"
"1805",2019-09-04,"08:30:00","24-hr Composite","ortho-Phosphate","4.7"
"1806",2019-09-04,"08:30:00","24-hr Composite","Phosphorus","4.8"
"1807",2019-09-04,"08:30:00","24-hr Composite","BOD (mg/L)","100"
"1808",2019-09-04,"08:30:00","24-hr Composite","BOD (mg/L)","54"
"1809",2019-09-04,"08:30:00","24-hr Composite","cBOD","100"
"1810",2019-09-04,"08:30:00","24-hr Composite","COD (mg/kg)","270"
"1821",2019-09-11,"08:30:00","24-hr Composite","TSS (mg/L)","60"
"1822",2019-09-11,"08:30:00","24-hr Composite","TKN","37"
"1823",2019-09-11,"08:30:00","24-hr Composite","Ammonia","40"
"1824",2019-09-11,"08:30:00","24-hr Composite","ortho-Phosphate","3.6"
"1825",2019-09-11,"08:30:00","24-hr Composite","Phosphorus","4.2"
"1826",2019-09-11,"08:30:00","24-hr Composite","BOD (mg/L)","96"
"1827",2019-09-11,"08:30:00","24-hr Composite","cBOD","97"
"1828",2019-09-11,"08:30:00","24-hr Composite","COD (mg/L)","220"
"1833",2019-09-12,"08:30:00","24-hr Composite","TSS (mg/L)","56"
"1834",2019-09-12,"08:30:00","24-hr Composite","BOD (mg/L)","100"
"1835",2019-09-12,"08:30:00","24-hr Composite","COD (mg/L)","240"
"1845",2019-09-19,"08:30:00","24-hr Composite","TSS (mg/L)","57"
"1846",2019-09-19,"08:30:00","24-hr Composite","TKN","42"
"1847",2019-09-19,"08:30:00","24-hr Composite","Ammonia","43"
"1848",2019-09-19,"08:30:00","24-hr Composite","ortho-Phosphate","3.7"
"1849",2019-09-19,"08:30:00","24-hr Composite","Phosphorus","4.8"
"1850",2019-09-19,"08:30:00","24-hr Composite","BOD (mg/L)","110"
"1851",2019-09-19,"08:30:00","24-hr Composite","cBOD","110"
"1852",2019-09-19,"08:30:00","24-hr Composite","COD (mg/L)","230"
"1866",2019-09-24,"08:30:00","24-hr Composite","Alkalinity","290"
"1867",2019-09-24,"08:30:00","24-hr Composite","TSS (mg/L)","55"
"1868",2019-09-24,"08:30:00","24-hr Composite","VSS (mg/L)","55"
"1869",2019-09-24,"08:30:00","24-hr Composite","TKN","44"
"1870",2019-09-24,"08:30:00","24-hr Composite","Ammonia","43"
"1871",2019-09-24,"08:30:00","24-hr Composite","ortho-Phosphate","3.5"
"1872",2019-09-24,"08:30:00","24-hr Composite","Phosphorus","5.2"
"1873",2019-09-24,"08:30:00","24-hr Composite","BOD (mg/L)","110"
"1874",2019-09-24,"08:30:00","24-hr Composite","BOD (mg/L)","57"
"1875",2019-09-24,"08:30:00","24-hr Composite","cBOD","110"
"1876",2019-09-24,"08:30:00","24-hr Composite","COD (mg/L)","240"
"1887",2019-09-26,"08:30:00","24-hr Composite","TSS (mg/L)","60"
"1888",2019-09-26,"08:30:00","24-hr Composite","TKN","42"
"1889",2019-09-26,"08:30:00","24-hr Composite","Ammonia","50"
"1890",2019-09-26,"08:30:00","24-hr Composite","ortho-Phosphate","5.5"
"1891",2019-09-26,"08:30:00","24-hr Composite","Phosphorus","5.7"
"1892",2019-09-26,"08:30:00","24-hr Composite","BOD (mg/L)","130"
"1893",2019-09-26,"08:30:00","24-hr Composite","cBOD","86"
"1894",2019-09-26,"08:30:00","24-hr Composite","COD (mg/L)","280"
"1905",2019-10-01,"08:30:00","24-hr Composite","TSS (mg/L)","55"
"1906",2019-10-01,"08:30:00","24-hr Composite","TKN","44"
"1907",2019-10-01,"08:30:00","24-hr Composite","Ammonia","43"
"1908",2019-10-01,"08:30:00","24-hr Composite","ortho-Phosphate","4.0999999999999996"
"1909",2019-10-01,"08:30:00","24-hr Composite","Phosphorus","5.3"
"1910",2019-10-01,"08:30:00","24-hr Composite","BOD (mg/L)","130"
"1911",2019-10-01,"08:30:00","24-hr Composite","cBOD","110"
"1912",2019-10-01,"08:30:00","24-hr Composite","COD (mg/L)","290"
"1923",2019-10-03,"08:30:00","24-hr Composite","TSS (mg/L)","63"
"1924",2019-10-03,"08:30:00","24-hr Composite","TKN","40"
"1925",2019-10-03,"08:30:00","24-hr Composite","Ammonia","42"
"1926",2019-10-03,"08:30:00","24-hr Composite","ortho-Phosphate","4.2"
"1927",2019-10-03,"08:30:00","24-hr Composite","Phosphorus","5.3"
"1928",2019-10-03,"08:30:00","24-hr Composite","BOD (mg/L)","85"
"1929",2019-10-03,"08:30:00","24-hr Composite","cBOD","72"
"1930",2019-10-03,"08:30:00","24-hr Composite","COD (mg/L)","250"
"1941",2019-10-08,"08:30:00","24-hr Composite","TSS (mg/L)","62"
"1942",2019-10-08,"08:30:00","24-hr Composite","TKN","38"
"1943",2019-10-08,"08:30:00","24-hr Composite","Ammonia","43"
"1944",2019-10-08,"08:30:00","24-hr Composite","ortho-Phosphate","3.7"
"1945",2019-10-08,"08:30:00","24-hr Composite","Phosphorus","9.6"
"1946",2019-10-08,"08:30:00","24-hr Composite","BOD (mg/L)","94"
"1947",2019-10-08,"08:30:00","24-hr Composite","cBOD","94"
"1948",2019-10-08,"08:30:00","24-hr Composite","COD (mg/L)","280"
"1954",2019-10-09,"08:30:00","24-hr Composite","TSS (mg/L)","68"
"1955",2019-10-09,"08:30:00","24-hr Composite","BOD (mg/L)","110"
"1956",2019-10-09,"08:30:00","24-hr Composite","COD (mg/L)","240"
"1967",2019-10-09,"08:30:00","24-hr Composite","TSS (mg/L)","67"
"1968",2019-10-09,"08:30:00","24-hr Composite","TKN","37"
"1969",2019-10-09,"08:30:00","24-hr Composite","Ammonia","39"
"1970",2019-10-09,"08:30:00","24-hr Composite","ortho-Phosphate","4.0999999999999996"
"1971",2019-10-09,"08:30:00","24-hr Composite","Phosphorus","5"
"1972",2019-10-09,"08:30:00","24-hr Composite","BOD (mg/L)","120"
"1973",2019-10-09,"08:30:00","24-hr Composite","cBOD","110"
"1974",2019-10-09,"08:30:00","24-hr Composite","COD (mg/L)","250"
"1985",2019-10-30,"08:30:00","24-hr Composite","TSS (mg/L)","57"
"1986",2019-10-30,"08:30:00","24-hr Composite","TKN","47"
"1987",2019-10-30,"08:30:00","24-hr Composite","Ammonia","49"
"1988",2019-10-30,"08:30:00","24-hr Composite","ortho-Phosphate","4.2"
"1989",2019-10-30,"08:30:00","24-hr Composite","Phosphorus","5.8"
"1990",2019-10-30,"08:30:00","24-hr Composite","BOD (mg/L)","130"
"1991",2019-10-30,"08:30:00","24-hr Composite","cBOD","110"
"1992",2019-10-30,"08:30:00","24-hr Composite","COD (mg/L)","260"
"2003",2019-10-31,"08:30:00","24-hr Composite","TSS (mg/L)","45"
"2004",2019-10-31,"08:30:00","24-hr Composite","TKN","42"
"2005",2019-10-31,"08:30:00","24-hr Composite","Ammonia","41"
"2006",2019-10-31,"08:30:00","24-hr Composite","ortho-Phosphate","3.6"
"2007",2019-10-31,"08:30:00","24-hr Composite","Phosphorus","4.8"
"2008",2019-10-31,"08:30:00","24-hr Composite","BOD (mg/L)","84"
"2009",2019-10-31,"08:30:00","24-hr Composite","cBOD","56"
"2010",2019-10-31,"08:30:00","24-hr Composite","COD (mg/L)","240"
"2021",2019-11-05,"08:30:00","24-hr Composite","TSS (mg/L)","43"
"2022",2019-11-05,"08:30:00","24-hr Composite","TKN","39"
"2023",2019-11-05,"08:30:00","24-hr Composite","Ammonia","43"
"2024",2019-11-05,"08:30:00","24-hr Composite","ortho-Phosphate","3.4"
"2025",2019-11-05,"08:30:00","24-hr Composite","Phosphorus","4.5999999999999996"
"2026",2019-11-05,"08:30:00","24-hr Composite","BOD (mg/L)","140"
"2027",2019-11-05,"08:30:00","24-hr Composite","cBOD","150"
"2028",2019-11-05,"08:30:00","24-hr Composite","COD (mg/L)","280"
